,stock_date,company_name,stock_price
0,2020-04-30,BHARTIARTL,514.3
1,2020-05-04,BHARTIARTL,532.5
2,2020-05-05,BHARTIARTL,528.05
3,2020-05-06,BHARTIARTL,546.0
4,2020-05-07,BHARTIARTL,528.05
5,2020-05-08,BHARTIARTL,530.05
6,2020-05-11,BHARTIARTL,536.2
7,2020-05-12,BHARTIARTL,559.85
8,2020-05-13,BHARTIARTL,555.95
9,2020-05-14,BHARTIARTL,539.85
10,2020-05-15,BHARTIARTL,554.1
11,2020-05-18,BHARTIARTL,538.05
12,2020-05-19,BHARTIARTL,598.8
13,2020-05-20,BHARTIARTL,594.05
14,2020-05-21,BHARTIARTL,594.55
15,2020-05-22,BHARTIARTL,593.2
16,2020-05-26,BHARTIARTL,559.25
17,2020-05-27,BHARTIARTL,563.1
18,2020-05-28,BHARTIARTL,562.75
19,2020-05-29,BHARTIARTL,552.6
20,2020-06-01,BHARTIARTL,559.05
21,2020-06-02,BHARTIARTL,558.1
22,2020-06-03,BHARTIARTL,551.65
23,2020-06-04,BHARTIARTL,572.45
24,2020-06-05,BHARTIARTL,584.35
25,2020-06-08,BHARTIARTL,585.15
26,2020-06-09,BHARTIARTL,567.8
27,2020-06-10,BHARTIARTL,567.1
28,2020-06-11,BHARTIARTL,551.85
29,2020-06-12,BHARTIARTL,560.1
30,2020-06-15,BHARTIARTL,550.7
31,2020-06-16,BHARTIARTL,544.9
32,2020-06-17,BHARTIARTL,563.45
33,2020-06-18,BHARTIARTL,560.9
34,2020-06-19,BHARTIARTL,572.5
35,2020-06-22,BHARTIARTL,581.05
36,2020-06-23,BHARTIARTL,578.8
37,2020-06-24,BHARTIARTL,557.35
38,2020-06-25,BHARTIARTL,559.0
39,2020-06-26,BHARTIARTL,560.4
40,2020-06-29,BHARTIARTL,567.1
41,2020-06-30,BHARTIARTL,559.85
42,2020-07-01,BHARTIARTL,560.15
43,2020-07-02,BHARTIARTL,558.45
44,2020-07-03,BHARTIARTL,581.45
45,2020-07-06,BHARTIARTL,576.6
46,2020-07-07,BHARTIARTL,567.15
47,2020-07-08,BHARTIARTL,561.3
48,2020-07-09,BHARTIARTL,568.65
49,2020-07-10,BHARTIARTL,574.7
50,2020-07-13,BHARTIARTL,586.8
51,2020-07-14,BHARTIARTL,589.35
52,2020-07-15,BHARTIARTL,563.6
53,2020-07-16,BHARTIARTL,562.75
54,2020-07-17,BHARTIARTL,566.75
55,2020-07-20,BHARTIARTL,575.75
56,2020-07-21,BHARTIARTL,567.75
57,2020-07-22,BHARTIARTL,569.15
58,2020-07-23,BHARTIARTL,567.2
59,2020-07-24,BHARTIARTL,559.45
60,2020-07-27,BHARTIARTL,559.5
61,2020-07-28,BHARTIARTL,564.6
62,2020-07-29,BHARTIARTL,566.2
63,2020-07-30,BHARTIARTL,552.7
64,2020-07-31,BHARTIARTL,554.85
65,2020-08-03,BHARTIARTL,547.35
66,2020-08-04,BHARTIARTL,549.0
67,2020-08-05,BHARTIARTL,558.95
68,2020-08-06,BHARTIARTL,555.3
69,2020-08-07,BHARTIARTL,560.8
70,2020-08-10,BHARTIARTL,558.85
71,2020-08-11,BHARTIARTL,551.1
72,2020-08-12,BHARTIARTL,547.7
73,2020-08-13,BHARTIARTL,535.35
74,2020-08-14,BHARTIARTL,528.6
75,2020-08-17,BHARTIARTL,521.4
76,2020-08-18,BHARTIARTL,526.3
77,2020-08-19,BHARTIARTL,535.85
78,2020-08-20,BHARTIARTL,525.55
79,2020-08-21,BHARTIARTL,520.25
80,2020-08-24,BHARTIARTL,526.9
81,2020-08-25,BHARTIARTL,528.65
82,2020-08-26,BHARTIARTL,514.5
83,2020-08-27,BHARTIARTL,511.15
84,2020-08-28,BHARTIARTL,523.45
85,2020-08-31,BHARTIARTL,513.1
86,2020-09-01,BHARTIARTL,546.25
87,2020-09-02,BHARTIARTL,550.55
88,2020-09-03,BHARTIARTL,538.0
89,2020-09-04,BHARTIARTL,523.15
90,2020-09-07,BHARTIARTL,515.45
91,2020-09-08,BHARTIARTL,498.1
92,2020-09-09,BHARTIARTL,504.25
93,2020-09-10,BHARTIARTL,497.35
94,2020-09-11,BHARTIARTL,491.65
95,2020-09-14,BHARTIARTL,474.1
96,2020-09-15,BHARTIARTL,485.55
97,2020-09-16,BHARTIARTL,481.75
98,2020-09-17,BHARTIARTL,479.0
99,2020-09-18,BHARTIARTL,494.55
100,2020-09-21,BHARTIARTL,467.75
101,2020-09-22,BHARTIARTL,470.95
102,2020-09-23,BHARTIARTL,433.8
103,2020-09-24,BHARTIARTL,419.3
104,2020-09-25,BHARTIARTL,439.65
105,2020-09-28,BHARTIARTL,443.65
106,2020-09-29,BHARTIARTL,435.6
107,2020-09-30,BHARTIARTL,420.95
108,2020-10-01,BHARTIARTL,432.35
109,2020-10-05,BHARTIARTL,424.45
110,2020-10-06,BHARTIARTL,426.75
111,2020-10-07,BHARTIARTL,422.45
112,2020-10-08,BHARTIARTL,424.45
113,2020-10-09,BHARTIARTL,425.2
114,2020-10-12,BHARTIARTL,415.05
115,2020-10-13,BHARTIARTL,415.3
116,2020-10-14,BHARTIARTL,413.25
117,2020-10-15,BHARTIARTL,399.2
118,2020-10-16,BHARTIARTL,401.65
119,2020-10-19,BHARTIARTL,397.7
120,2020-10-20,BHARTIARTL,405.0
121,2020-10-21,BHARTIARTL,419.0
122,2020-10-22,BHARTIARTL,430.65
123,2020-10-23,BHARTIARTL,434.4
124,2020-10-26,BHARTIARTL,434.05
125,2020-10-27,BHARTIARTL,433.35
126,2020-10-28,BHARTIARTL,451.85
127,2020-10-29,BHARTIARTL,450.8
128,2020-10-30,BHARTIARTL,433.75
129,2020-11-02,BHARTIARTL,457.4
130,2020-11-03,BHARTIARTL,454.6
131,2020-11-04,BHARTIARTL,453.05
132,2020-11-05,BHARTIARTL,457.3
133,2020-11-06,BHARTIARTL,449.9
134,2020-11-09,BHARTIARTL,471.8
135,2020-11-10,BHARTIARTL,466.4
136,2020-11-11,BHARTIARTL,478.6
137,2020-11-12,BHARTIARTL,479.85
138,2020-11-13,BHARTIARTL,475.75
139,2020-11-14,BHARTIARTL,481.5
140,2020-11-17,BHARTIARTL,484.55
141,2020-11-18,BHARTIARTL,478.4
142,2020-11-19,BHARTIARTL,468.55
143,2020-11-20,BHARTIARTL,483.7
144,2020-11-23,BHARTIARTL,477.25
145,2020-11-24,BHARTIARTL,474.25
146,2020-11-25,BHARTIARTL,464.1
147,2020-11-26,BHARTIARTL,468.4
148,2020-11-27,BHARTIARTL,463.25
149,2020-12-01,BHARTIARTL,479.45
150,2020-12-02,BHARTIARTL,484.9
151,2020-12-03,BHARTIARTL,479.9
152,2020-12-04,BHARTIARTL,493.75
153,2020-12-07,BHARTIARTL,508.95
154,2020-12-08,BHARTIARTL,503.6
155,2020-12-09,BHARTIARTL,503.05
156,2020-12-10,BHARTIARTL,505.15
157,2020-12-11,BHARTIARTL,504.4
158,2020-12-14,BHARTIARTL,503.05
159,2020-12-15,BHARTIARTL,504.2
160,2020-12-16,BHARTIARTL,516.2
161,2020-12-17,BHARTIARTL,515.1
162,2020-12-18,BHARTIARTL,510.65
163,2020-12-21,BHARTIARTL,490.9
164,2020-12-22,BHARTIARTL,500.3
165,2020-12-23,BHARTIARTL,507.2
166,2020-12-24,BHARTIARTL,517.3
167,2020-12-28,BHARTIARTL,521.6
168,2020-12-29,BHARTIARTL,520.25
169,2020-12-30,BHARTIARTL,516.15
170,2020-12-31,BHARTIARTL,509.7
171,2021-01-01,BHARTIARTL,515.15
172,2021-01-04,BHARTIARTL,517.1
173,2021-01-05,BHARTIARTL,514.0
174,2021-01-06,BHARTIARTL,525.3
175,2021-01-07,BHARTIARTL,545.25
176,2021-01-08,BHARTIARTL,540.25
177,2021-01-11,BHARTIARTL,547.15
178,2021-01-12,BHARTIARTL,565.75
179,2021-01-13,BHARTIARTL,578.25
180,2021-01-14,BHARTIARTL,580.55
181,2021-01-15,BHARTIARTL,602.65
182,2021-01-18,BHARTIARTL,586.95
183,2021-01-19,BHARTIARTL,592.3
184,2021-01-20,BHARTIARTL,596.15
185,2021-01-21,BHARTIARTL,581.35
186,2021-01-22,BHARTIARTL,576.85
187,2021-01-25,BHARTIARTL,580.75
188,2021-01-27,BHARTIARTL,570.8
189,2021-01-28,BHARTIARTL,570.9
190,2021-01-29,BHARTIARTL,553.6
191,2021-02-01,BHARTIARTL,579.15
192,2021-02-02,BHARTIARTL,599.35
193,2021-02-03,BHARTIARTL,608.85
194,2021-02-04,BHARTIARTL,600.6
195,2021-02-05,BHARTIARTL,581.1
196,2021-02-08,BHARTIARTL,597.3
197,2021-02-09,BHARTIARTL,598.95
198,2021-02-10,BHARTIARTL,590.2
199,2021-02-11,BHARTIARTL,598.1
200,2021-02-12,BHARTIARTL,586.25
201,2021-02-15,BHARTIARTL,593.7
202,2021-02-16,BHARTIARTL,593.95
203,2021-02-17,BHARTIARTL,593.85
204,2021-02-18,BHARTIARTL,589.05
205,2021-02-19,BHARTIARTL,581.35
206,2021-02-22,BHARTIARTL,570.3
207,2021-02-23,BHARTIARTL,565.55
208,2021-02-24,BHARTIARTL,572.95
209,2021-02-25,BHARTIARTL,579.15
210,2021-02-26,BHARTIARTL,556.3
211,2021-03-01,BHARTIARTL,532.2
212,2021-03-02,BHARTIARTL,541.2
213,2021-03-03,BHARTIARTL,546.3
214,2021-03-04,BHARTIARTL,539.6
215,2021-03-05,BHARTIARTL,532.8
216,2021-03-08,BHARTIARTL,525.7
217,2021-03-09,BHARTIARTL,521.75
218,2021-03-10,BHARTIARTL,525.85
219,2021-03-12,BHARTIARTL,524.2
220,2021-03-15,BHARTIARTL,522.85
221,2021-03-16,BHARTIARTL,529.3
222,2021-03-17,BHARTIARTL,522.9
223,2021-03-18,BHARTIARTL,527.2
224,2021-03-19,BHARTIARTL,529.95
225,2021-03-22,BHARTIARTL,528.0
226,2021-03-23,BHARTIARTL,529.25
227,2021-03-24,BHARTIARTL,523.65
228,2021-03-25,BHARTIARTL,507.75
229,2021-03-26,BHARTIARTL,522.5
230,2021-03-30,BHARTIARTL,521.5
231,2021-03-31,BHARTIARTL,517.3
232,2021-04-01,BHARTIARTL,520.8
233,2021-04-05,BHARTIARTL,528.25
234,2021-04-06,BHARTIARTL,532.2
235,2021-04-07,BHARTIARTL,541.6
236,2021-04-08,BHARTIARTL,543.0
237,2021-04-09,BHARTIARTL,545.25
238,2021-04-12,BHARTIARTL,522.45
239,2021-04-13,BHARTIARTL,536.15
240,2021-04-15,BHARTIARTL,539.35
241,2021-04-16,BHARTIARTL,540.75
242,2021-04-19,BHARTIARTL,526.45
243,2021-04-20,BHARTIARTL,530.2
244,2021-04-22,BHARTIARTL,530.85
245,2021-04-23,BHARTIARTL,522.6
246,2021-04-26,BHARTIARTL,527.55
247,2021-04-27,BHARTIARTL,534.3
248,2021-04-28,BHARTIARTL,544.3
249,2021-04-29,BHARTIARTL,540.85
250,2021-04-30,BHARTIARTL,536.75
0,2020-04-30,INFY,715.5
1,2020-05-04,INFY,673.7
2,2020-05-05,INFY,673.7
3,2020-05-06,INFY,665.9
4,2020-05-07,INFY,664.95
5,2020-05-08,INFY,674.2
6,2020-05-11,INFY,682.9
7,2020-05-12,INFY,687.65
8,2020-05-13,INFY,694.15
9,2020-05-14,INFY,658.15
10,2020-05-15,INFY,652.3
11,2020-05-18,INFY,663.9
12,2020-05-19,INFY,668.6
13,2020-05-20,INFY,669.55
14,2020-05-21,INFY,672.2
15,2020-05-22,INFY,692.35
16,2020-05-26,INFY,680.55
17,2020-05-27,INFY,705.45
18,2020-05-28,INFY,707.4
19,2020-05-29,INFY,691.0
20,2020-06-01,INFY,699.55
21,2020-06-02,INFY,708.1
22,2020-06-03,INFY,701.55
23,2020-06-04,INFY,707.75
24,2020-06-05,INFY,703.55
25,2020-06-08,INFY,720.85
26,2020-06-09,INFY,717.6
27,2020-06-10,INFY,715.85
28,2020-06-11,INFY,703.95
29,2020-06-12,INFY,692.05
30,2020-06-15,INFY,687.55
31,2020-06-16,INFY,701.2
32,2020-06-17,INFY,703.65
33,2020-06-18,INFY,713.9
34,2020-06-19,INFY,705.55
35,2020-06-22,INFY,703.7
36,2020-06-23,INFY,720.65
37,2020-06-24,INFY,714.15
38,2020-06-25,INFY,700.5
39,2020-06-26,INFY,748.2
40,2020-06-29,INFY,731.75
41,2020-06-30,INFY,735.95
42,2020-07-01,INFY,731.9
43,2020-07-02,INFY,756.6
44,2020-07-03,INFY,762.7
45,2020-07-06,INFY,764.0
46,2020-07-07,INFY,794.15
47,2020-07-08,INFY,774.7
48,2020-07-09,INFY,781.7
49,2020-07-10,INFY,781.85
50,2020-07-13,INFY,797.05
51,2020-07-14,INFY,783.25
52,2020-07-15,INFY,830.95
53,2020-07-16,INFY,911.0
54,2020-07-17,INFY,903.15
55,2020-07-20,INFY,934.3
56,2020-07-21,INFY,936.75
57,2020-07-22,INFY,917.9
58,2020-07-23,INFY,907.95
59,2020-07-24,INFY,922.85
60,2020-07-27,INFY,948.45
61,2020-07-28,INFY,962.85
62,2020-07-29,INFY,954.15
63,2020-07-30,INFY,961.45
64,2020-07-31,INFY,966.0
65,2020-08-03,INFY,956.9
66,2020-08-04,INFY,949.85
67,2020-08-05,INFY,944.7
68,2020-08-06,INFY,970.85
69,2020-08-07,INFY,950.9
70,2020-08-10,INFY,951.35
71,2020-08-11,INFY,948.45
72,2020-08-12,INFY,954.95
73,2020-08-13,INFY,951.2
74,2020-08-14,INFY,953.6
75,2020-08-17,INFY,957.5
76,2020-08-18,INFY,967.55
77,2020-08-19,INFY,959.3
78,2020-08-20,INFY,955.15
79,2020-08-21,INFY,948.8
80,2020-08-24,INFY,947.4
81,2020-08-25,INFY,938.1
82,2020-08-26,INFY,950.8
83,2020-08-27,INFY,947.05
84,2020-08-28,INFY,935.25
85,2020-08-31,INFY,928.6
86,2020-09-01,INFY,914.15
87,2020-09-02,INFY,924.0
88,2020-09-03,INFY,935.55
89,2020-09-04,INFY,919.15
90,2020-09-07,INFY,925.05
91,2020-09-08,INFY,939.3
92,2020-09-09,INFY,927.75
93,2020-09-10,INFY,940.05
94,2020-09-11,INFY,945.7
95,2020-09-14,INFY,978.4
96,2020-09-15,INFY,982.45
97,2020-09-16,INFY,1001.75
98,2020-09-17,INFY,1011.0
99,2020-09-18,INFY,1002.15
100,2020-09-21,INFY,1009.9
101,2020-09-22,INFY,1007.5
102,2020-09-23,INFY,1019.75
103,2020-09-24,INFY,975.4
104,2020-09-25,INFY,1011.45
105,2020-09-28,INFY,1010.4
106,2020-09-29,INFY,1009.0
107,2020-09-30,INFY,1008.25
108,2020-10-01,INFY,1017.65
109,2020-10-05,INFY,1048.7
110,2020-10-06,INFY,1055.75
111,2020-10-07,INFY,1066.55
112,2020-10-08,INFY,1093.7
113,2020-10-09,INFY,1106.8
114,2020-10-12,INFY,1132.1
115,2020-10-13,INFY,1157.8
116,2020-10-14,INFY,1137.0
117,2020-10-15,INFY,1108.25
118,2020-10-16,INFY,1127.5
119,2020-10-19,INFY,1125.9
120,2020-10-20,INFY,1137.5
121,2020-10-21,INFY,1148.35
122,2020-10-22,INFY,1129.05
123,2020-10-23,INFY,1122.5
124,2020-10-26,INFY,1112.45
125,2020-10-27,INFY,1090.85
126,2020-10-28,INFY,1076.55
127,2020-10-29,INFY,1074.85
128,2020-10-30,INFY,1060.6
129,2020-11-02,INFY,1072.3
130,2020-11-03,INFY,1062.55
131,2020-11-04,INFY,1093.95
132,2020-11-05,INFY,1104.0
133,2020-11-06,INFY,1112.75
134,2020-11-09,INFY,1136.55
135,2020-11-10,INFY,1091.05
136,2020-11-11,INFY,1122.5
137,2020-11-12,INFY,1117.75
138,2020-11-13,INFY,1124.2
139,2020-11-14,INFY,1133.45
140,2020-11-17,INFY,1123.7
141,2020-11-18,INFY,1110.55
142,2020-11-19,INFY,1096.75
143,2020-11-20,INFY,1103.35
144,2020-11-23,INFY,1139.85
145,2020-11-24,INFY,1140.05
146,2020-11-25,INFY,1115.65
147,2020-11-26,INFY,1113.2
148,2020-11-27,INFY,1100.0
149,2020-12-01,INFY,1137.85
150,2020-12-02,INFY,1140.9
151,2020-12-03,INFY,1126.45
152,2020-12-04,INFY,1134.65
153,2020-12-07,INFY,1143.5
154,2020-12-08,INFY,1153.35
155,2020-12-09,INFY,1175.2
156,2020-12-10,INFY,1167.75
157,2020-12-11,INFY,1163.2
158,2020-12-14,INFY,1164.55
159,2020-12-15,INFY,1154.6
160,2020-12-16,INFY,1165.7
161,2020-12-17,INFY,1159.2
162,2020-12-18,INFY,1189.8
163,2020-12-21,INFY,1177.3
164,2020-12-22,INFY,1220.5
165,2020-12-23,INFY,1253.05
166,2020-12-24,INFY,1236.05
167,2020-12-28,INFY,1240.3
168,2020-12-29,INFY,1250.3
169,2020-12-30,INFY,1246.8
170,2020-12-31,INFY,1255.8
171,2021-01-01,INFY,1260.45
172,2021-01-04,INFY,1288.25
173,2021-01-05,INFY,1293.8
174,2021-01-06,INFY,1282.1
175,2021-01-07,INFY,1262.15
176,2021-01-08,INFY,1312.1
177,2021-01-11,INFY,1376.2
178,2021-01-12,INFY,1371.75
179,2021-01-13,INFY,1387.15
180,2021-01-14,INFY,1370.5
181,2021-01-15,INFY,1344.95
182,2021-01-18,INFY,1312.05
183,2021-01-19,INFY,1316.65
184,2021-01-20,INFY,1339.45
185,2021-01-21,INFY,1339.7
186,2021-01-22,INFY,1340.85
187,2021-01-25,INFY,1325.1
188,2021-01-27,INFY,1301.0
189,2021-01-28,INFY,1276.2
190,2021-01-29,INFY,1239.05
191,2021-02-01,INFY,1260.9
192,2021-02-02,INFY,1271.25
193,2021-02-03,INFY,1284.65
194,2021-02-04,INFY,1279.35
195,2021-02-05,INFY,1272.1
196,2021-02-08,INFY,1303.55
197,2021-02-09,INFY,1305.55
198,2021-02-10,INFY,1296.5
199,2021-02-11,INFY,1292.65
200,2021-02-12,INFY,1309.8
201,2021-02-15,INFY,1309.65
202,2021-02-16,INFY,1290.4
203,2021-02-17,INFY,1281.3
204,2021-02-18,INFY,1292.45
205,2021-02-19,INFY,1291.3
206,2021-02-22,INFY,1265.2
207,2021-02-23,INFY,1266.35
208,2021-02-24,INFY,1274.3
209,2021-02-25,INFY,1274.55
210,2021-02-26,INFY,1253.3
211,2021-03-01,INFY,1267.0
212,2021-03-02,INFY,1304.5
213,2021-03-03,INFY,1343.55
214,2021-03-04,INFY,1330.35
215,2021-03-05,INFY,1316.7
216,2021-03-08,INFY,1335.75
217,2021-03-09,INFY,1345.55
218,2021-03-10,INFY,1368.15
219,2021-03-12,INFY,1374.85
220,2021-03-15,INFY,1373.6
221,2021-03-16,INFY,1384.0
222,2021-03-17,INFY,1387.0
223,2021-03-18,INFY,1337.1
224,2021-03-19,INFY,1344.45
225,2021-03-22,INFY,1370.8
226,2021-03-23,INFY,1371.55
227,2021-03-24,INFY,1353.75
228,2021-03-25,INFY,1333.8
229,2021-03-26,INFY,1336.2
230,2021-03-30,INFY,1385.3
231,2021-03-31,INFY,1368.05
232,2021-04-01,INFY,1385.2
233,2021-04-05,INFY,1409.9
234,2021-04-06,INFY,1411.05
235,2021-04-07,INFY,1430.2
236,2021-04-08,INFY,1439.85
237,2021-04-09,INFY,1441.05
238,2021-04-12,INFY,1425.75
239,2021-04-13,INFY,1397.15
240,2021-04-15,INFY,1360.75
241,2021-04-16,INFY,1353.75
242,2021-04-19,INFY,1362.55
243,2021-04-20,INFY,1351.35
244,2021-04-22,INFY,1351.1
245,2021-04-23,INFY,1333.8
246,2021-04-26,INFY,1343.55
247,2021-04-27,INFY,1348.5
248,2021-04-28,INFY,1356.0
249,2021-04-29,INFY,1356.35
250,2021-04-30,INFY,1354.35
0,2020-04-30,SBIN,190.5
1,2020-05-04,SBIN,178.85
2,2020-05-05,SBIN,170.4
3,2020-05-06,SBIN,171.1
4,2020-05-07,SBIN,170.75
5,2020-05-08,SBIN,166.65
6,2020-05-11,SBIN,165.45
7,2020-05-12,SBIN,166.9
8,2020-05-13,SBIN,174.1
9,2020-05-14,SBIN,167.95
10,2020-05-15,SBIN,166.4
11,2020-05-18,SBIN,155.3
12,2020-05-19,SBIN,152.8
13,2020-05-20,SBIN,153.4
14,2020-05-21,SBIN,151.95
15,2020-05-22,SBIN,150.85
16,2020-05-26,SBIN,151.4
17,2020-05-27,SBIN,158.6
18,2020-05-28,SBIN,158.2
19,2020-05-29,SBIN,161.3
20,2020-06-01,SBIN,170.05
21,2020-06-02,SBIN,170.25
22,2020-06-03,SBIN,174.9
23,2020-06-04,SBIN,174.05
24,2020-06-05,SBIN,187.8
25,2020-06-08,SBIN,186.8
26,2020-06-09,SBIN,184.45
27,2020-06-10,SBIN,187.7
28,2020-06-11,SBIN,177.15
29,2020-06-12,SBIN,179.15
30,2020-06-15,SBIN,173.7
31,2020-06-16,SBIN,172.9
32,2020-06-17,SBIN,172.95
33,2020-06-18,SBIN,179.65
34,2020-06-19,SBIN,184.5
35,2020-06-22,SBIN,187.7
36,2020-06-23,SBIN,192.45
37,2020-06-24,SBIN,184.6
38,2020-06-25,SBIN,185.25
39,2020-06-26,SBIN,184.6
40,2020-06-29,SBIN,179.25
41,2020-06-30,SBIN,178.45
42,2020-07-01,SBIN,184.8
43,2020-07-02,SBIN,185.45
44,2020-07-03,SBIN,184.7
45,2020-07-06,SBIN,188.05
46,2020-07-07,SBIN,188.6
47,2020-07-08,SBIN,191.9
48,2020-07-09,SBIN,199.1
49,2020-07-10,SBIN,195.6
50,2020-07-13,SBIN,192.7
51,2020-07-14,SBIN,186.05
52,2020-07-15,SBIN,183.8
53,2020-07-16,SBIN,186.25
54,2020-07-17,SBIN,188.2
55,2020-07-20,SBIN,190.75
56,2020-07-21,SBIN,194.4
57,2020-07-22,SBIN,192.0
58,2020-07-23,SBIN,198.25
59,2020-07-24,SBIN,191.95
60,2020-07-27,SBIN,187.15
61,2020-07-28,SBIN,189.45
62,2020-07-29,SBIN,191.2
63,2020-07-30,SBIN,186.55
64,2020-07-31,SBIN,191.45
65,2020-08-03,SBIN,192.25
66,2020-08-04,SBIN,191.6
67,2020-08-05,SBIN,191.45
68,2020-08-06,SBIN,190.95
69,2020-08-07,SBIN,190.65
70,2020-08-10,SBIN,193.8
71,2020-08-11,SBIN,195.05
72,2020-08-12,SBIN,203.3
73,2020-08-13,SBIN,201.9
74,2020-08-14,SBIN,196.5
75,2020-08-17,SBIN,193.1
76,2020-08-18,SBIN,195.1
77,2020-08-19,SBIN,197.05
78,2020-08-20,SBIN,194.75
79,2020-08-21,SBIN,198.4
80,2020-08-24,SBIN,201.45
81,2020-08-25,SBIN,207.95
82,2020-08-26,SBIN,209.85
83,2020-08-27,SBIN,215.65
84,2020-08-28,SBIN,224.85
85,2020-08-31,SBIN,212.0
86,2020-09-01,SBIN,218.1
87,2020-09-02,SBIN,216.25
88,2020-09-03,SBIN,213.15
89,2020-09-04,SBIN,206.6
90,2020-09-07,SBIN,207.9
91,2020-09-08,SBIN,204.05
92,2020-09-09,SBIN,194.85
93,2020-09-10,SBIN,198.15
94,2020-09-11,SBIN,202.7
95,2020-09-14,SBIN,198.5
96,2020-09-15,SBIN,200.15
97,2020-09-16,SBIN,198.2
98,2020-09-17,SBIN,195.45
99,2020-09-18,SBIN,192.6
100,2020-09-21,SBIN,185.8
101,2020-09-22,SBIN,186.2
102,2020-09-23,SBIN,183.8
103,2020-09-24,SBIN,176.35
104,2020-09-25,SBIN,182.2
105,2020-09-28,SBIN,187.25
106,2020-09-29,SBIN,185.05
107,2020-09-30,SBIN,185.4
108,2020-10-01,SBIN,190.3
109,2020-10-05,SBIN,188.75
110,2020-10-06,SBIN,191.6
111,2020-10-07,SBIN,190.7
112,2020-10-08,SBIN,191.5
113,2020-10-09,SBIN,198.3
114,2020-10-12,SBIN,198.7
115,2020-10-13,SBIN,195.7
116,2020-10-14,SBIN,200.05
117,2020-10-15,SBIN,192.85
118,2020-10-16,SBIN,195.95
119,2020-10-19,SBIN,204.0
120,2020-10-20,SBIN,203.05
121,2020-10-21,SBIN,203.75
122,2020-10-22,SBIN,203.3
123,2020-10-23,SBIN,202.8
124,2020-10-26,SBIN,196.7
125,2020-10-27,SBIN,194.65
126,2020-10-28,SBIN,190.45
127,2020-10-29,SBIN,188.7
128,2020-10-30,SBIN,189.25
129,2020-11-02,SBIN,196.05
130,2020-11-03,SBIN,204.75
131,2020-11-04,SBIN,207.0
132,2020-11-05,SBIN,218.65
133,2020-11-06,SBIN,219.2
134,2020-11-09,SBIN,219.5
135,2020-11-10,SBIN,231.7
136,2020-11-11,SBIN,234.2
137,2020-11-12,SBIN,226.8
138,2020-11-13,SBIN,229.45
139,2020-11-14,SBIN,229.65
140,2020-11-17,SBIN,240.2
141,2020-11-18,SBIN,252.0
142,2020-11-19,SBIN,239.75
143,2020-11-20,SBIN,242.75
144,2020-11-23,SBIN,238.7
145,2020-11-24,SBIN,243.85
146,2020-11-25,SBIN,243.0
147,2020-11-26,SBIN,245.45
148,2020-11-27,SBIN,244.25
149,2020-12-01,SBIN,248.05
150,2020-12-02,SBIN,246.95
151,2020-12-03,SBIN,256.3
152,2020-12-04,SBIN,263.5
153,2020-12-07,SBIN,269.6
154,2020-12-08,SBIN,271.9
155,2020-12-09,SBIN,270.35
156,2020-12-10,SBIN,269.55
157,2020-12-11,SBIN,272.45
158,2020-12-14,SBIN,274.2
159,2020-12-15,SBIN,270.65
160,2020-12-16,SBIN,269.4
161,2020-12-17,SBIN,267.7
162,2020-12-18,SBIN,271.45
163,2020-12-21,SBIN,254.7
164,2020-12-22,SBIN,257.45
165,2020-12-23,SBIN,263.0
166,2020-12-24,SBIN,266.85
167,2020-12-28,SBIN,275.2
168,2020-12-29,SBIN,277.9
169,2020-12-30,SBIN,276.9
170,2020-12-31,SBIN,274.95
171,2021-01-01,SBIN,279.4
172,2021-01-04,SBIN,281.05
173,2021-01-05,SBIN,281.75
174,2021-01-06,SBIN,285.05
175,2021-01-07,SBIN,287.7
176,2021-01-08,SBIN,286.0
177,2021-01-11,SBIN,282.5
178,2021-01-12,SBIN,292.5
179,2021-01-13,SBIN,306.8
180,2021-01-14,SBIN,307.25
181,2021-01-15,SBIN,303.85
182,2021-01-18,SBIN,294.45
183,2021-01-19,SBIN,298.6
184,2021-01-20,SBIN,302.55
185,2021-01-21,SBIN,294.85
186,2021-01-22,SBIN,283.7
187,2021-01-25,SBIN,280.95
188,2021-01-27,SBIN,275.65
189,2021-01-28,SBIN,282.35
190,2021-01-29,SBIN,282.1
191,2021-02-01,SBIN,310.7
192,2021-02-02,SBIN,333.1
193,2021-02-03,SBIN,335.95
194,2021-02-04,SBIN,355.1
195,2021-02-05,SBIN,393.1
196,2021-02-08,SBIN,397.05
197,2021-02-09,SBIN,394.8
198,2021-02-10,SBIN,392.25
199,2021-02-11,SBIN,390.15
200,2021-02-12,SBIN,393.15
201,2021-02-15,SBIN,406.95
202,2021-02-16,SBIN,402.35
203,2021-02-17,SBIN,411.75
204,2021-02-18,SBIN,415.2
205,2021-02-19,SBIN,399.55
206,2021-02-22,SBIN,389.5
207,2021-02-23,SBIN,395.6
208,2021-02-24,SBIN,406.25
209,2021-02-25,SBIN,407.25
210,2021-02-26,SBIN,390.15
211,2021-03-01,SBIN,394.95
212,2021-03-02,SBIN,394.2
213,2021-03-03,SBIN,405.05
214,2021-03-04,SBIN,395.65
215,2021-03-05,SBIN,383.65
216,2021-03-08,SBIN,389.6
217,2021-03-09,SBIN,387.6
218,2021-03-10,SBIN,387.7
219,2021-03-12,SBIN,381.1
220,2021-03-15,SBIN,383.9
221,2021-03-16,SBIN,378.55
222,2021-03-17,SBIN,368.15
223,2021-03-18,SBIN,367.1
224,2021-03-19,SBIN,371.15
225,2021-03-22,SBIN,367.0
226,2021-03-23,SBIN,372.7
227,2021-03-24,SBIN,359.85
228,2021-03-25,SBIN,355.2
229,2021-03-26,SBIN,357.2
230,2021-03-30,SBIN,360.8
231,2021-03-31,SBIN,364.3
232,2021-04-01,SBIN,370.65
233,2021-04-05,SBIN,353.55
234,2021-04-06,SBIN,350.55
235,2021-04-07,SBIN,358.55
236,2021-04-08,SBIN,355.6
237,2021-04-09,SBIN,353.0
238,2021-04-12,SBIN,328.85
239,2021-04-13,SBIN,341.0
240,2021-04-15,SBIN,342.7
241,2021-04-16,SBIN,339.9
242,2021-04-19,SBIN,331.15
243,2021-04-20,SBIN,329.5
244,2021-04-22,SBIN,336.65
245,2021-04-23,SBIN,336.45
246,2021-04-26,SBIN,344.3
247,2021-04-27,SBIN,353.05
248,2021-04-28,SBIN,363.4
249,2021-04-29,SBIN,359.4
250,2021-04-30,SBIN,353.5
0,2020-04-30,WIPRO,190.95
1,2020-05-04,WIPRO,190.05
2,2020-05-05,WIPRO,184.2
3,2020-05-06,WIPRO,187.05
4,2020-05-07,WIPRO,184.1
5,2020-05-08,WIPRO,184.0
6,2020-05-11,WIPRO,184.7
7,2020-05-12,WIPRO,187.05
8,2020-05-13,WIPRO,189.7
9,2020-05-14,WIPRO,186.0
10,2020-05-15,WIPRO,183.8
11,2020-05-18,WIPRO,182.2
12,2020-05-19,WIPRO,184.4
13,2020-05-20,WIPRO,184.95
14,2020-05-21,WIPRO,189.1
15,2020-05-22,WIPRO,189.0
16,2020-05-26,WIPRO,188.8
17,2020-05-27,WIPRO,201.25
18,2020-05-28,WIPRO,199.35
19,2020-05-29,WIPRO,212.8
20,2020-06-01,WIPRO,215.05
21,2020-06-02,WIPRO,215.85
22,2020-06-03,WIPRO,211.35
23,2020-06-04,WIPRO,216.25
24,2020-06-05,WIPRO,218.75
25,2020-06-08,WIPRO,226.45
26,2020-06-09,WIPRO,218.35
27,2020-06-10,WIPRO,217.0
28,2020-06-11,WIPRO,212.9
29,2020-06-12,WIPRO,207.9
30,2020-06-15,WIPRO,213.8
31,2020-06-16,WIPRO,212.4
32,2020-06-17,WIPRO,217.8
33,2020-06-18,WIPRO,218.15
34,2020-06-19,WIPRO,222.05
35,2020-06-22,WIPRO,218.05
36,2020-06-23,WIPRO,220.6
37,2020-06-24,WIPRO,218.2
38,2020-06-25,WIPRO,218.2
39,2020-06-26,WIPRO,225.45
40,2020-06-29,WIPRO,219.7
41,2020-06-30,WIPRO,219.65
42,2020-07-01,WIPRO,219.05
43,2020-07-02,WIPRO,224.2
44,2020-07-03,WIPRO,224.8
45,2020-07-06,WIPRO,222.65
46,2020-07-07,WIPRO,224.9
47,2020-07-08,WIPRO,223.1
48,2020-07-09,WIPRO,221.6
49,2020-07-10,WIPRO,222.1
50,2020-07-13,WIPRO,227.6
51,2020-07-14,WIPRO,225.0
52,2020-07-15,WIPRO,262.75
53,2020-07-16,WIPRO,261.9
54,2020-07-17,WIPRO,261.35
55,2020-07-20,WIPRO,270.8
56,2020-07-21,WIPRO,271.35
57,2020-07-22,WIPRO,266.0
58,2020-07-23,WIPRO,266.6
59,2020-07-24,WIPRO,270.55
60,2020-07-27,WIPRO,268.85
61,2020-07-28,WIPRO,275.45
62,2020-07-29,WIPRO,277.0
63,2020-07-30,WIPRO,284.1
64,2020-07-31,WIPRO,280.95
65,2020-08-03,WIPRO,281.55
66,2020-08-04,WIPRO,281.05
67,2020-08-05,WIPRO,278.2
68,2020-08-06,WIPRO,279.65
69,2020-08-07,WIPRO,277.4
70,2020-08-10,WIPRO,277.4
71,2020-08-11,WIPRO,279.65
72,2020-08-12,WIPRO,276.2
73,2020-08-13,WIPRO,277.0
74,2020-08-14,WIPRO,276.5
75,2020-08-17,WIPRO,281.95
76,2020-08-18,WIPRO,282.7
77,2020-08-19,WIPRO,279.75
78,2020-08-20,WIPRO,274.2
79,2020-08-21,WIPRO,273.35
80,2020-08-24,WIPRO,272.7
81,2020-08-25,WIPRO,269.95
82,2020-08-26,WIPRO,272.05
83,2020-08-27,WIPRO,272.35
84,2020-08-28,WIPRO,272.05
85,2020-08-31,WIPRO,271.3
86,2020-09-01,WIPRO,271.6
87,2020-09-02,WIPRO,273.7
88,2020-09-03,WIPRO,282.85
89,2020-09-04,WIPRO,276.0
90,2020-09-07,WIPRO,278.75
91,2020-09-08,WIPRO,282.55
92,2020-09-09,WIPRO,282.85
93,2020-09-10,WIPRO,284.55
94,2020-09-11,WIPRO,293.3
95,2020-09-14,WIPRO,307.2
96,2020-09-15,WIPRO,307.35
97,2020-09-16,WIPRO,312.15
98,2020-09-17,WIPRO,311.7
99,2020-09-18,WIPRO,316.5
100,2020-09-21,WIPRO,311.9
101,2020-09-22,WIPRO,312.25
102,2020-09-23,WIPRO,314.85
103,2020-09-24,WIPRO,304.7
104,2020-09-25,WIPRO,313.9
105,2020-09-28,WIPRO,311.55
106,2020-09-29,WIPRO,311.5
107,2020-09-30,WIPRO,313.55
108,2020-10-01,WIPRO,313.05
109,2020-10-05,WIPRO,333.95
110,2020-10-06,WIPRO,330.05
111,2020-10-07,WIPRO,335.3
112,2020-10-08,WIPRO,359.45
113,2020-10-09,WIPRO,374.0
114,2020-10-12,WIPRO,377.5
115,2020-10-13,WIPRO,375.95
116,2020-10-14,WIPRO,350.45
117,2020-10-15,WIPRO,341.6
118,2020-10-16,WIPRO,339.65
119,2020-10-19,WIPRO,343.2
120,2020-10-20,WIPRO,346.75
121,2020-10-21,WIPRO,343.45
122,2020-10-22,WIPRO,344.45
123,2020-10-23,WIPRO,342.4
124,2020-10-26,WIPRO,339.8
125,2020-10-27,WIPRO,334.05
126,2020-10-28,WIPRO,335.65
127,2020-10-29,WIPRO,337.45
128,2020-10-30,WIPRO,340.7
129,2020-11-02,WIPRO,334.8
130,2020-11-03,WIPRO,335.65
131,2020-11-04,WIPRO,342.95
132,2020-11-05,WIPRO,345.4
133,2020-11-06,WIPRO,345.75
134,2020-11-09,WIPRO,351.95
135,2020-11-10,WIPRO,342.3
136,2020-11-11,WIPRO,346.75
137,2020-11-12,WIPRO,345.55
138,2020-11-13,WIPRO,344.15
139,2020-11-14,WIPRO,345.45
140,2020-11-17,WIPRO,348.7
141,2020-11-18,WIPRO,345.3
142,2020-11-19,WIPRO,342.6
143,2020-11-20,WIPRO,346.3
144,2020-11-23,WIPRO,355.85
145,2020-11-24,WIPRO,355.5
146,2020-11-25,WIPRO,350.0
147,2020-11-26,WIPRO,354.85
148,2020-11-27,WIPRO,350.5
149,2020-12-01,WIPRO,352.85
150,2020-12-02,WIPRO,358.9
151,2020-12-03,WIPRO,360.3
152,2020-12-04,WIPRO,360.8
153,2020-12-07,WIPRO,358.45
154,2020-12-08,WIPRO,363.7
155,2020-12-09,WIPRO,359.5
156,2020-12-10,WIPRO,355.9
157,2020-12-11,WIPRO,353.5
158,2020-12-14,WIPRO,349.35
159,2020-12-15,WIPRO,352.7
160,2020-12-16,WIPRO,358.4
161,2020-12-17,WIPRO,356.9
162,2020-12-18,WIPRO,363.55
163,2020-12-21,WIPRO,353.95
164,2020-12-22,WIPRO,364.2
165,2020-12-23,WIPRO,385.55
166,2020-12-24,WIPRO,382.2
167,2020-12-28,WIPRO,382.9
168,2020-12-29,WIPRO,385.0
169,2020-12-30,WIPRO,384.4
170,2020-12-31,WIPRO,386.25
171,2021-01-01,WIPRO,388.1
172,2021-01-04,WIPRO,396.4
173,2021-01-05,WIPRO,406.3
174,2021-01-06,WIPRO,406.4
175,2021-01-07,WIPRO,406.75
176,2021-01-08,WIPRO,430.2
177,2021-01-11,WIPRO,446.8
178,2021-01-12,WIPRO,457.7
179,2021-01-13,WIPRO,459.0
180,2021-01-14,WIPRO,454.35
181,2021-01-15,WIPRO,438.55
182,2021-01-18,WIPRO,431.55
183,2021-01-19,WIPRO,430.25
184,2021-01-20,WIPRO,444.95
185,2021-01-21,WIPRO,445.8
186,2021-01-22,WIPRO,444.75
187,2021-01-25,WIPRO,437.25
188,2021-01-27,WIPRO,446.45
189,2021-01-28,WIPRO,431.9
190,2021-01-29,WIPRO,417.9
191,2021-02-01,WIPRO,421.5
192,2021-02-02,WIPRO,428.35
193,2021-02-03,WIPRO,433.5
194,2021-02-04,WIPRO,429.9
195,2021-02-05,WIPRO,425.55
196,2021-02-08,WIPRO,435.3
197,2021-02-09,WIPRO,439.35
198,2021-02-10,WIPRO,439.0
199,2021-02-11,WIPRO,437.0
200,2021-02-12,WIPRO,442.0
201,2021-02-15,WIPRO,439.7
202,2021-02-16,WIPRO,437.55
203,2021-02-17,WIPRO,430.2
204,2021-02-18,WIPRO,432.95
205,2021-02-19,WIPRO,429.95
206,2021-02-22,WIPRO,418.7
207,2021-02-23,WIPRO,415.5
208,2021-02-24,WIPRO,423.1
209,2021-02-25,WIPRO,421.3
210,2021-02-26,WIPRO,410.3
211,2021-03-01,WIPRO,414.4
212,2021-03-02,WIPRO,430.4
213,2021-03-03,WIPRO,435.5
214,2021-03-04,WIPRO,438.8
215,2021-03-05,WIPRO,420.85
216,2021-03-08,WIPRO,416.9
217,2021-03-09,WIPRO,419.2
218,2021-03-10,WIPRO,426.7
219,2021-03-12,WIPRO,425.2
220,2021-03-15,WIPRO,426.35
221,2021-03-16,WIPRO,429.3
222,2021-03-17,WIPRO,419.65
223,2021-03-18,WIPRO,410.15
224,2021-03-19,WIPRO,410.5
225,2021-03-22,WIPRO,414.45
226,2021-03-23,WIPRO,415.5
227,2021-03-24,WIPRO,411.0
228,2021-03-25,WIPRO,399.65
229,2021-03-26,WIPRO,403.9
230,2021-03-30,WIPRO,418.1
231,2021-03-31,WIPRO,414.15
232,2021-04-01,WIPRO,416.4
233,2021-04-05,WIPRO,425.45
234,2021-04-06,WIPRO,427.15
235,2021-04-07,WIPRO,438.0
236,2021-04-08,WIPRO,442.1
237,2021-04-09,WIPRO,450.1
238,2021-04-12,WIPRO,432.6
239,2021-04-13,WIPRO,418.95
240,2021-04-15,WIPRO,430.7
241,2021-04-16,WIPRO,469.2
242,2021-04-19,WIPRO,472.75
243,2021-04-20,WIPRO,470.1
244,2021-04-22,WIPRO,486.65
245,2021-04-23,WIPRO,475.7
246,2021-04-26,WIPRO,480.3
247,2021-04-27,WIPRO,485.05
248,2021-04-28,WIPRO,489.3
249,2021-04-29,WIPRO,489.85
250,2021-04-30,WIPRO,492.75
